"Shanghai","CN"
"Buenos Aires","AR"
"Mumbai","IN"
"Mexico City","MX"
"Karachi","PK"
"Ä°stanbul","TR"
"Delhi","IN"
"Manila","PH"
"Moscow","RU"
"Dhaka","BD"
"Seoul","KR"
"SÃ£o Paulo","BR"
"Lagos","NG"
"Jakarta","ID"
"Tokyo","JP"
"Zhumadian","CN"
"New York City","US"
"Taipei","TW"
"Kinshasa","CD"
"Lima","PE"
"Cairo","EG"
"City of London","GB"
"London","GB"
"Beijing","CN"
"TehrÄn","IR"
"Nanchong","CN"
"BogotÃ¡","CO"
"Hong Kong","HK"
"Lahore","PK"
"Rio de Janeiro","BR"
"Baghdad","IQ"
"Taiâ€™an","CN"
"Bangkok","TH"
"Bangalore","IN"
"Yueyang","CN"
"Santiago","CL"
"Kaifeng","CN"
"Calcutta","IN"
"Toronto","CA"
"Rangoon","MM"
"Sydney","AU"
"Chennai","IN"
"Riyadh","SA"
"Wuhan","CN"
"Saint Petersburg","RU"
"Chongqing","CN"
"Chengdu","CN"
"Chittagong","BD"
"Alexandria","EG"
"Los Angeles","US"
"Tianjin","CN"
"Melbourne","AU"
"AhmadÄbÄd","IN"
"Busan","KR"
"Abidjan","CI"
"Kano","NG"
"Hyderabad","IN"
"Puyang","CN"
"Yokohama-shi","JP"
"Ibadan","NG"
"Singapore","SG"
"Ankara","TR"
"Shenyang","CN"
"ThÃ nh phá»‘ Há»“ ChÃ­ Minh","VN"
"Shiyan","CN"
"Cape Town","ZA"
"Berlin","DE"
"MontrÃ©al","CA"
"Madrid","ES"
"Harbin","CN"
"Xiâ€™an","CN"
"Pyongyang","KP"
"Lanzhou","CN"
"Guangzhou","CN"
"Casablanca","MA"
"Durban","ZA"
"Nanjing","CN"
"Kabul","AF"
"Shenzhen","CN"
"Caracas","VE"
"Pune","IN"
"SÅ«rat","IN"
"Jeddah","SA"
"KÄnpur","IN"
"Luanda","AO"
"Quezon City","PH"
"Addis Ababa","ET"
"Nairobi","KE"
"Taiyuan","CN"
"Salvador","BR"
"Jaipur","IN"
"Dar es Salaam","TZ"
"Chicago","US"
"Incheon","KR"
"Yunfu","CN"
"Navi Mumbai","IN"
"Al BaÅŸrah","IQ"
"ÅŒsaka-shi","JP"
"Mogadishu","SO"
"Daegu","KR"
"Roma","IT"
"Changchun","CN"
"Kiev","UA"
"FaisalÄbÄd","PK"
"Ä°zmir","TR"
"Zhongshan","CN"
"Dakar","SN"
"Lucknow","IN"
"Al JÄ«zah","EG"
"Fortaleza","BR"
"Cali","CO"
"Surabaya","ID"
"Belo Horizonte","BR"
"Grand Dakar","SN"
"Mashhad","IR"
"Brooklyn","US"
"NÄgpur","IN"
"Maracaibo","VE"
"Raigarh Fort","IN"
"BrasÃ­lia","BR"
"Santo Domingo","DO"
"Nagoya-shi","JP"
"Havana","CU"
"Paris","FR"
"Houston","US"
"Changsha","CN"
"Jinan","CN"
"Al MawÅŸil al JadÄ«dah","IQ"
"Dalian","CN"
"Johannesburg","ZA"
"Kowloon","HK"
"Al BaÅŸrat al QadÄ«mah","IQ"
"Zhengzhou","CN"
"Almaty","KZ"
"MedellÃ­n","CO"
"Shijiazhuang","CN"
"Tashkent","UZ"
"Algiers","DZ"
"Khartoum","SD"
"Accra","GH"
"Guayaquil","EC"
"Sanaa","YE"
"Beirut","LB"
"Sapporo-shi","JP"
"Jilin","CN"
"Hangzhou","CN"
"Bucharest","RO"
"Nanchang","CN"
"Camayenne","GN"
"Vancouver","CA"
"Indore","IN"
"Iztapalapa","MX"
"Ecatepec","MX"
"Conakry","GN"
"Maracay","VE"
"Medan","ID"
"RÄwalpindi","PK"
"Minsk","BY"
"Mosul","IQ"
"Hamburg","DE"
"Curitiba","BR"
"Warsaw","PL"
"Bandung","ID"
"Budapest","HU"
"Soweto","ZA"
"Vienna","AT"
"Rabat","MA"
"Qingdao","CN"
"Guadalajara","MX"
"Barcelona","ES"
"Pretoria","ZA"
"Aleppo","SY"
"Patna","IN"
"BhopÄl","IN"
"Manaus","BR"
"Tangshan","CN"
"Xinyang","CN"
"Puebla de Zaragoza","MX"
"Kaduna","NG"
"Phnom Penh","KH"
"Damascus","SY"
"EÅŸfahÄn","IR"
"LudhiÄna","IN"
"Harare","ZW"
"Gorod Belgorod","RU"
"KÅbe-shi","JP"
"Philadelphia","US"
"Bekasi","ID"
"Kaohsiung","TW"
"Ciudad JuÃ¡rez","MX"
"Urunchi","CN"
"Manhattan","US"
"AsunciÃ³n","PY"
"Recife","BR"
"Daejeon","KR"
"Kumasi","GH"
"Kyoto","JP"
"Kuala Lumpur","MY"
"Karaj","IR"
"Perth","AU"
"Phoenix","US"
"Kathmandu","NP"
"Palembang","ID"
"MultÄn","PK"
"HÃ  Ná»™i","VN"
"Kharkiv","UA"
"Ä€gra","IN"
"CÃ³rdoba","AR"
"TabrÄ«z","IR"
"Novosibirsk","RU"
"Gwangju","KR"
"Bursa","TR"
"Vadodara","IN"
"BelÃ©m","BR"
"Fushun","CN"
"Quito","EC"
"Fukuoka-shi","JP"
"Antananarivo","MG"
"Luoyang","CN"
"Hefei","CN"
"HyderÄbÄd","PK"
"Borough of Bronx","US"
"Valencia","VE"
"GujrÄnwÄla","PK"
"Barranquilla","CO"
"Liuyang","CN"
"Tijuana","MX"
"Lubumbashi","CD"
"Porto Alegre","BR"
"Tangerang","ID"
"Santa Cruz de la Sierra","BO"
"Handan","CN"
"Kampala","UG"
"Suzhou","CN"
"Khulna","BD"
"Douala","CM"
"Shantou","CN"
"San Antonio","US"
"Gorakhpur","IN"
"Mecca","SA"
"Makassar","ID"
"San Diego","US"
"Kawasaki","JP"
"Milan","IT"
"Baotou","CN"
"Medina","SA"
"YaoundÃ©","CM"
"Bamako","ML"
"NÄsik","IN"
"Semarang","ID"
"Yekaterinburg","RU"
"Brazzaville","CG"
"Pimpri","IN"
"Nizhniy Novgorod","RU"
"Amman","JO"
"Budta","PH"
"Belgrade","RS"
"Montevideo","UY"
"Lusaka","ZM"
"KalyÄn","IN"
"ThÄne","IN"
"MÃ¼nchen","DE"
"Stockholm","SE"
"Raâ€™s BayrÅ«t","LB"
"ShÄ«rÄz","IR"
"Adana","TR"
"Suigen","KR"
"Port-au-Prince","HT"
"Ciudad NezahualcÃ³yotl","MX"
"Meerut","IN"
"FarÄ«dÄbÄd","IN"
"PeshÄwar","PK"
"Davao","PH"
"Mandalay","MM"
"Omdurman","SD"
"Santiago de los Caballeros","DO"
"Anshan","CN"
"Tongshan","CN"
"GhÄziÄbÄd","IN"
"Depok","ID"
"Dallas","US"
"Saitama","JP"
"Gustavo A. Madero","MX"
"Dombivli","IN"
"Maputo","MZ"
"Fuzhou","CN"
"RÄjkot","IN"
"Rosario","AR"
"Guiyang","CN"
"GoiÃ¢nia","BR"
"Guarulhos","BR"
"Prague","CZ"
"Benares","IN"
"Copenhagen","DK"
"Sofia","BG"
"Tripoli","LY"
"Port Harcourt","NG"
"Hiroshima-shi","JP"
"Dayan","CN"
"Dubai","AE"
"Samara","RU"
"Omsk","RU"
"Benin City","NG"
"Monterrey","MX"
"Malingao","PH"
"Baku","AZ"
"LeÃ³n","MX"
"Maiduguri","NG"
"Wuxi","CN"
"Kazan","RU"
"Yerevan","AM"
"Amritsar","IN"
"Ouagadougou","BF"
"Yono","JP"
"Rostov-na-Donu","RU"
"Adelaide","AU"
"AllahÄbÄd","IN"
"Goyang","KR"
"Gaziantep","TR"
"VishÄkhapatnam","IN"
"Chelyabinsk","RU"
"Datong","CN"
"Tbilisi","GE"
"Changshu City","CN"
"Taichung","TW"
"Sendai-shi","JP"
"Teni","IN"
"Xianyang","CN"
"Ufa","RU"
"Dnipropetrovsk","UA"
"Seongnam","KR"
"Campinas","BR"
"Jabalpur","IN"
"HÄora","IN"
"Huainan","CN"
"Donetsâ€™k","UA"
"Dublin","IE"
"Kunming","CN"
"Calgary","CA"
"Brussels","BE"
"AurangÄbÄd","IN"
"Volgograd","RU"
"Nova IguaÃ§u","BR"
"Jieyang","CN"
"Odessa","UA"
"Zhu Cheng City","CN"
"Shivaji Nagar","IN"
"Masjid Jamie Baitul Muttaqien","ID"
"KitakyÅ«shÅ«","JP"
"SolÄpur","IN"
"Baoding","CN"
"Guatemala City","GT"
"Napoli","IT"
"Benxi","CN"
"Zapopan","MX"
"Birmingham","GB"
"Permâ€™","RU"
"SrÄ«nagar","IN"
"Zaria","NG"
"Managua","NI"
"Port Elizabeth","ZA"
"FÃ¨s","MA"
"KÃ¶ln","DE"
"Ulsan","KR"
"Coimbatore","IN"
"Brisbane","AU"
"MaceiÃ³","BR"
"Cartagena","CO"
"Changzhou","CN"
"SulÅ£Änah","SA"
"San Jose","US"
"Monrovia","LR"
"Mamuju","ID"
"Kingston","JM"
"Erbil","IQ"
"Krasnoyarsk","RU"
"Nay Pyi Taw","MM"
"Jodhpur","IN"
"Chiba-shi","JP"
"SÃ£o LuÃ­s","BR"
"ChandÄ«garh","IN"
"Madurai","IN"
"SalÃ©","MA"
"Huaibei","CN"
"Cochabamba","BO"
"Abobo","CI"
"Bishkek","KG"
"AbÅ« Ghurayb","IQ"
"Qom","IR"
"GuwÄhÄti","IN"
"Aba","NG"
"Pingdingshan","CN"
"Gwalior","IN"
"Qiqihar","CN"
"Klang","MY"
"Mendoza","AR"
"Konya","TR"
"Mbuji-Mayi","CD"
"VijayawÄda","IN"
"Pikine","SN"
"Mysore","IN"
"Wenzhou","CN"
"Torino","IT"
"Saratov","RU"
"Tegucigalpa","HN"
"Bucheon","KR"
"Voronezh","RU"
"RÄnchÄ«","IN"
"Naucalpan de JuÃ¡rez","MX"
"Ulaanbaatar","MN"
"AhvÄz","IR"
"Arequipa","PE"
"Padang","ID"
"Hubli","IN"
"Marrakech","MA"
"Kampung Baru Subang","MY"
"Indianapolis","US"
"Jacksonville","US"
"Duque de Caxias","BR"
"Jos","NG"
"Valencia","ES"
"Ilorin","NG"
"Callao","PE"
"La Paz","BO"
"Ottawa","CA"
"Barquisimeto","VE"
"San Francisco","US"
"Nanning","CN"
"Freetown","SL"
"Johor Bahru","MY"
"Bandarlampung","ID"
"Bogor","ID"
"Zagreb - Centar","HR"
"Mombasa","KE"
"Cebu City","PH"
"Muscat","OM"
"Zaporizhzhya","UA"
"Marseille","FR"
"Az ZarqÄâ€™","JO"
"Ã‡ankaya","TR"
"Austin","US"
"Columbus","US"
"Boumerdas","DZ"
"Jalandhar","IN"
"Thiruvananthapuram","IN"
"Sakai","JP"
"Anyang","CN"
"San Miguel de TucumÃ¡n","AR"
"Salem","IN"
"TiruchchirÄppalli","IN"
"Homs","SY"
"Hohhot","CN"
"Niamey","NE"
"Tainan","TW"
"Shangyu","CN"
"ÅÃ³dÅº","PL"
"Ad DammÄm","SA"
"Xining","CN"
"KahrÄ«z","IR"
"Kota","IN"
"Natal","BR"
"Bhubaneshwar","IN"
"Qinhuangdao","CN"
"Hengyang","CN"
"Antalya","TR"
"KrakÃ³w","PL"
"AlÄ«garh","IN"
"Turan","VN"
"Pietermaritzburg","ZA"
"LomÃ©","TG"
"Trujillo","PE"
"Malang","ID"
"Ciudad Guayana","VE"
"Bareilly","IN"
"Kigali","RW"
"Teresina","BR"
"Xinxiang","CN"
"SÃ£o Bernardo do Campo","BR"
"Hegang","CN"
"Riga","LV"
"Amsterdam","NL"
"Fort Worth","US"
"Oyo","NG"
"Quetta","PK"
"Charlotte","US"
"Campo Grande","BR"
"Athens","GR"
"Ashgabat","TM"
"Guadalupe","MX"
"BaÄŸcÄ±lar","TR"
"As SulaymÄnÄ«yah","IQ"
"CÃºcuta","CO"
"MorÄdÄbÄd","IN"
"N'Djamena","TD"
"Langfang","CN"
"Ningbo","CN"
"Yantai","CN"
"L'viv","UA"
"MÃ©rida","MX"
"Tlalnepantla","MX"
"Jerusalem","IL"
"Detroit","US"
"Edmonton","CA"
"Jeonju","KR"
"Zhuzhou","CN"
"Chihuahua","MX"
"Bhiwandi","IN"
"Alvaro ObregÃ³n","MX"
"Pekanbaru","ID"
"Sevilla","ES"
"Tolâ€™yatti","RU"
"JaboatÃ£o","BR"
"Shizuoka-shi","JP"
"RÄjshÄhi","BD"
"City of Balikpapan","ID"
"Changzhi","CN"
"Bulawayo","ZW"
"Zagreb","HR"
"Agadir","MA"
"Sarajevo","BA"
"La Plata","AR"
"Tunis","TN"
"Zhangjiakou","CN"
"Cotonou","BJ"
"Zigong","CN"
"Fuxin","CN"
"Enugu","NG"
"Tangier","MA"
"Huangshi","CN"
"Liaoyang","CN"
"Nerima","JP"
"Kumamoto-shi","JP"
"Raipur","IN"
"General Santos","PH"
"Osasco","BR"
"San Luis PotosÃ­","MX"
"Zaragoza","ES"
"Gorakhpur","IN"
"Xiangtan","CN"
"Ipoh","MY"
"Palermo","IT"
"Zibo","CN"
"Mississauga","CA"
"Puyang","CN"
"Nantong","CN"
"Mudanjiang","CN"
"Santo AndrÃ©","BR"
"Nouakchott","MR"
"Pointe-Noire","CG"
"Aguascalientes","MX"
"Kryvyy Rih","UA"
"Acapulco de JuÃ¡rez","MX"
"JoÃ£o Pessoa","BR"
"Ansan","KR"
"Benghazi","LY"
"Frankfurt am Main","DE"
"Krasnodar","RU"
"Guilin","CN"
"El Paso","US"
"Sagamihara","JP"
"Colombo","LK"
"Memphis","US"
"Lilongwe","MW"
"Oran","DZ"
"DiyarbakÄ±r","TR"
"New South Memphis","US"
"Ulâ€™yanovsk","RU"
"Kotli","PK"
"Okayama-shi","JP"
"Zhanjiang","CN"
"Yogyakarta","ID"
"North York","CA"
"ChiÅŸinÄƒu","MD"
"WrocÅ‚aw","PL"
"Cheongju","KR"
"Anyang","KR"
"Zhenjiang","CN"
"Winnipeg","CA"
"Dandong","CN"
"Izhevsk","RU"
"JaboatÃ£o dos Guararapes","BR"
"Shaoguan","CN"
"Yancheng","CN"
"CoyoacÃ¡n","MX"
"Foshan","CN"
"Contagem","BR"
"Bhilai","IN"
"Panshan","CN"
"Djibouti","DJ"
"Saltillo","MX"
"KermÄnshÄh","IR"
"Baltimore","US"
"Al á¸¨udaydah","YE"
"Boston","US"
"Pasig City","PH"
"Jamshedpur","IN"
"Haikou","CN"
"Taâ€˜izz","YE"
"SÃ£o JosÃ© dos Campos","BR"
"Taizhou","CN"
"QuerÃ©taro","MX"
"Xingtai","CN"
"Glasgow","GB"
"Borivli","IN"
"Seattle","US"
"Tlalpan","MX"
"Yaroslavl'","RU"
"Benoni","ZA"
"Hamamatsu","JP"
"Cochin","IN"
"Jinzhou","CN"
"AmrÄvati","IN"
"Abu Dhabi","AE"
"Haiphong","VN"
"Genova","IT"
"Washington, D. C.","US"
"Islamabad","PK"
"Kirkuk","IQ"
"SÄngli","IN"
"Denver","US"
"Situbondo","ID"
"Shuangyashan","CN"
"Barnaul","RU"
"Rotterdam","NL"
"Luancheng","CN"
"Mexicali","MX"
"Hermosillo","MX"
"Milwaukee","US"
"Rasht","IR"
"Abeokuta","NG"
"Essen","DE"
"Kayseri","TR"
"Morelia","MX"
"Yingkou","CN"
"Abuja","NG"
"Zhangzhou","CN"
"Stuttgart","DE"
"Dortmund","DE"
"Vladivostok","RU"
"Irkutsk","RU"
"Blantyre","MW"
"New Kingston","JM"
"Portland","US"
"Las Vegas","US"
"CuliacÃ¡n","MX"
"Oslo","NO"
"Cuttack","IN"
"Oklahoma City","US"
"HachiÅji","JP"
"Khabarovsk","RU"
"Xiamen","CN"
"Khabarovsk Vtoroy","RU"
"Libreville","GA"
"KermÄn","IR"
"Chiclayo","PE"
"OrÅ«mÄ«yeh","IR"
"BahÃ§elievler","TR"
"Bengbu","CN"
"BÄ«kÄner","IN"
"Umraniye","TR"
"DÃ¼sseldorf","DE"
"Banjarmasin","ID"
"Shihezi","CN"
"Bucaramanga","CO"
"South Boston","US"
"Kuching","MY"
"PoznaÅ„","PL"
"Veracruz","MX"
"MÃ¡laga","ES"
"BouakÃ©","CI"
"Asmara","ER"
"Sokoto","NG"
"UberlÃ¢ndia","BR"
"Onitsha","NG"
"Funabashi","JP"
"HamhÅ­ng","KP"
"Sorocaba","BR"
"Helsinki","FI"
"Warangal","IN"
"Santiago de Cuba","CU"
"Siping","CN"
"Kagoshima-shi","JP"
"Surakarta","ID"
"Huaiyin","CN"
"BhÄvnagar","IN"
"Mar del Plata","AR"
"BahÄwalpur","PK"
"ZÄhedÄn","IR"
"RibeirÃ£o Preto","BR"
"Aden","YE"
"Orenburg","RU"
"Pristina","XK"
"Changwon","KR"
"Jiamusi","CN"
"Antipolo","PH"
"Neijiang","CN"
"Bremen","DE"
"Albuquerque","US"
"MeknÃ¨s","MA"
"Matola","MZ"
"Sharjah","AE"
"Banqiao","TW"
"Dushanbe","TJ"
"Sargodha","PK"
"Bangui","CF"
"Vilnius","LT"
"CancÃºn","MX"
"Yangzhou","CN"
"Novokuznetsk","RU"
"Kisangani","CD"
"Port Said","EG"
"Mercin","TR"
"Warri","NG"
"Guli","CN"
"Tanggu","CN"
"Jiangmen","CN"
"Nashville","US"
"Taâ€™if","SA"
"Beira","MZ"
"GuntÅ«r","IN"
"QuÃ©bec","CA"
"HamadÄn","IR"
"Cangzhou","CN"
"Gold Coast","AU"
"San Salvador","SV"
"TorreÃ³n","MX"
"Dehra DÅ«n","IN"
"CuiabÃ¡","BR"
"CuauhtÃ©moc","MX"
"Ciudad LÃ³pez Mateos","MX"
"Petaling Jaya","MY"
"Macau","MO"
"Esenler","TR"
"Ryazanâ€™","RU"
"Tucson","US"
"Tyumenâ€™","RU"
"DurgÄpur","IN"
"Quilmes","AR"
"Ajmer","IN"
"Lisbon","PT"
"Changde","CN"
"Jiaozuo","CN"
"UlhÄsnagar","IN"
"KolhÄpur","IN"
"Lipetsk","RU"
"Shiliguri","IN"
"Hannover","DE"
"EskiÅŸehir","TR"
"Ä€zÄdshahr","IR"
"Salta","AR"
"Penza","RU"
"Tembisa","ZA"
"Mykolayiv","UA"
"Aparecida de GoiÃ¢nia","BR"
"Puente Alto","CL"
"Makati City","PH"
"Naberezhnyye Chelny","RU"
"San NicolÃ¡s de los Garza","MX"
"Wuhu","CN"
"Toluca","MX"
"Niigata-shi","JP"
"Leipzig","DE"
"Hamilton","CA"
"Duisburg","DE"
"Ä€sansol","IN"
"GÃ¶teborg","SE"
"ArÄk","IR"
"Astrakhanâ€™","RU"
"Zhuhai","CN"
"Hoko","KR"
"Nuremberg","DE"
"Shashi","CN"
"Reynosa","MX"
"Makhachkala","RU"
"Newcastle","AU"
"Fresno","US"
"Cimahi","ID"
"Tlaquepaque","MX"
"JÄmnagar","IN"
"Aracaju","BR"
"Port Sudan","SD"
"Santa Fe de la Vera Cruz","AR"
"San Pedro Sula","HN"
"Suez","EG"
"Dresden","DE"
"Tomsk","RU"
"Masina","CD"
"SahÄranpur","IN"
"Gulbarga","IN"
"BhÄtpÄra","IN"
"An Najaf al Ashraf","IQ"
"Feira de Santana","BR"
"Shah Alam","MY"
"Mariupol'","UA"
"Himeji","JP"
"Tuxtla GutiÃ©rrez","MX"
"Homyelâ€™","BY"
"Vijongbu","KR"
"East London","ZA"
"Yazd","IR"
"Hargeysa","SO"
"SiÄlkot","PK"
"Kemerovo","RU"
"Yichang","CN"
"Hwaseong","KR"
"CuautitlÃ¡n Izcalli","MX"
"Yinchuan","CN"
"Skopje","MK"
"Vereeniging","ZA"
"Den Haag","NL"
"Mixco","GT"
"Lyon","FR"
"Londrina","BR"
"Jiaojiang","CN"
"Matsudo","JP"
"Juiz de Fora","BR"
"Liverpool","GB"
"Nishinomiya","JP"
"Tula","RU"
"Staten Island","US"
"Kawaguchi","JP"
"Sacramento","US"
"Zunyi","CN"
"Jiaxing","CN"
"Belford Roxo","BR"
"Jammu","IN"
"Liaoyuan","CN"
"Kananga","CD"
"Bloemfontein","ZA"
"Xiangyang","CN"
"Long Beach","US"
"GdaÅ„sk","PL"
"Calabar","NG"
"Dadukou","CN"
"Joinville","BR"
"á¸¨amÄh","SY"
"Antwerpen","BE"
"Kansas City","US"
"Kanazawa-shi","JP"
"Ichikawa","JP"
"KarabaÄŸlar","TR"
"Zamboanga","PH"
"Kirov","RU"
"Ujjain","IN"
"Kota Kinabalu","MY"
"Durango","MX"
"NiterÃ³i","BR"
"Hengshui","CN"
"TabÅ«k","SA"
"Pontianak","ID"
"Leeds","GB"
"Nampâ€™o","KP"
"Bacolod City","PH"
"SÃ£o JoÃ£o de Meriti","BR"
"Mansilingan","PH"
"Luhansâ€™k","UA"
"Manado","ID"
"Karagandy","KZ"
"Jining","CN"
"Constantine","DZ"
"Utsunomiya-shi","JP"
"ÅžanlÄ±urfa","TR"
"Chengde","CN"
"Xuchang","CN"
"ÅŒita-shi","JP"
"Venustiano Carranza","MX"
"San Juan","AR"
"Sheffield","GB"
"Cheboksary","RU"
"Boksburg","ZA"
"Cagayan de Oro","PH"
"Matsuyama-shi","JP"
"Amagasaki","JP"
"Carrefour","HT"
"DasmariÃ±as","PH"
"Malatya","TR"
"Nangi","IN"
"Pereira","CO"
"Calicut","IN"
"Mesa","US"
"Mawlamyine","MM"
"Virginia Beach","US"
"Iquitos","PE"
"Kurashiki","JP"
"Sultangazi","TR"
"Garoua","CM"
"Murcia","ES"
"Mwanza","TZ"
"Tirunelveli","IN"
"Edinburgh","GB"
"KoussÃ©ri","CM"
"MÄlegaon","IN"
"Heroica Matamoros","MX"
"Kaliningrad","RU"
"Karbala","IQ"
"Ananindeua","BR"
"Balikpapan","ID"
"Brampton","CA"
"Toulouse","FR"
"Namangan","UZ"
"Katsina","NG"
"Welkom","ZA"
"Santa Marta","CO"
"Al Maá¸©allah al KubrÃ¡","EG"
"Bristol","GB"
"JÄlgaon","IN"
"Yokosuka","JP"
"Akola","IN"
"Belgaum","IN"
"East Jerusalem","PS"
"Luqiao","CN"
"Bryansk","RU"
"Maltepe","TR"
"Azcapotzalco","MX"
"Xalapa de EnrÃ­quez","MX"
"Barcelona","VE"
"Chaozhou","CN"
"Bratislava","SK"
"Gaya","IN"
"Udaipur","IN"
"Likasi","CD"
"Luxor","EG"
"IbaguÃ©","CO"
"Shaoxing","CN"
"Ivanovo","RU"
"Erzurum","TR"
"Akure","NG"
"AsyÅ«Å£","EG"
"Jambi","ID"
"Al ManÅŸÅ«rah","EG"
"Atlanta","US"
"Korba","IN"
"BokÄro","IN"
"San Juan","PR"
"Kolwezi","CD"
"Auckland","NZ"
"Sukkur","PK"
"Mangalore","IN"
"Luohe","CN"
"Colorado Springs","US"
"Shymkent","KZ"
"Yangquan","CN"
"Magnitogorsk","RU"
"JhÄnsi","IN"
"FlorianÃ³polis","BR"
"Wandsbek","DE"
"Santos","BR"
"MaturÃ­n","VE"
"ArdabÄ«l","IR"
"Nagasaki-shi","JP"
"Chaoyang","CN"
"Gaza","PS"
"Kursk","RU"
"Kitchener","CA"
"Omaha","US"
"Al â€˜Ayn","AE"
"Jeju","KR"
"PanamÃ¡","PA"
"Shiyan","CN"
"Szczecin","PL"
"BiÃªn HÃ²a","VN"
"Villa Nueva","GT"
"RibeirÃ£o das Neves","BR"
"Hirakata","JP"
"Denpasar","ID"
"Oujda","MA"
"Tanda","EG"
"Newcastle","ZA"
"Xochimilco","MX"
"Nellore","IN"
"Hsinchu","TW"
"Raleigh","US"
"Jixi","CN"
"Zanzibar","TZ"
"Taoyuan City","TW"
"TonalÃ¡","MX"
"Kassala","SD"
"Palma","ES"
"Kitwe","ZM"
"An NÄÅŸirÄ«yah","IQ"
"Tverâ€™","RU"
"West Jerusalem","IL"
"Machida","JP"
"Yangjiang","CN"
"Miami","US"
"Khmelâ€™nytsâ€™kyy","UA"
"Gifu-shi","JP"
"Tiruppur","IN"
"Keelung","TW"
"Cleveland","US"
"Manchester","GB"
"Iztacalco","MX"
"Surrey","CA"
"Vila Velha","BR"
"Weifang","CN"
"Fujisawa","JP"
"Ndola","ZM"
"Kollam","IN"
"Serra","BR"
"Samsun","TR"
"Tallinn","EE"
"Bamenda","CM"
"El Obeid","SD"
"Bello","CO"
"Xinpu","CN"
"Sandakan","MY"
"Tulsa","US"
"Buraydah","SA"
"KandahÄr","AF"
"Oakland","US"
"Diadema","BR"
"Dongguan","CN"
"Comilla","BD"
"Samut Prakan","TH"
"Nampula","MZ"
"Bissau","GW"
"Iloilo","PH"
"KhamÄ«s Mushayt","SA"
"Campos","BR"
"Resistencia","AR"
"MiÅŸrÄtah","LY"
"MauÃ¡","BR"
"Abomey-Calavi","BJ"
"Bochum","DE"
"Toyonaka","JP"
"Betim","BR"
"Fukuyama","JP"
"Delmas 73","HT"
"Minneapolis","US"
"Wichita","US"
"Pasto","CO"
"Wellington","NZ"
"Las Palmas de Gran Canaria","ES"
"Caxias do Sul","BR"
"Nizhniy Tagil","RU"
"Bochum-Hordel","DE"
"Dezhou","CN"
"Sevastopolâ€™","UA"
"Krugersdorp","ZA"
"PÄnihÄti","IN"
"Toyohashi","JP"
"Zhoukou","CN"
"Laval","CA"
"Huancayo","PE"
"Makiyivka","UA"
"Putian","CN"
"KahramanmaraÅŸ","TR"
"ShimminatochÅ","JP"
"Tirana","AL"
"SÃ£o JosÃ© do Rio Preto","BR"
"Kaunas","LT"
"Xuanhua","CN"
"Seremban","MY"
"Pingxiang","CN"
"Van","TR"
"Honolulu","US"
"Florence","IT"
"Bologna","IT"
"Ä€bÄdÄn","IR"
"Fenghuang","CN"
"Puerto La Cruz","VE"
"Brno","CZ"
"Mahilyow","BY"
"Nara-shi","JP"
"Ahmadnagar","IN"
"Dhule","IN"
"Olinda","BR"
"Kenitra","MA"
"Bydgoszcz","PL"
"Kuantan","MY"
"Xico","MX"
"Arlington","US"
"Tenan","KR"
"Petare","VE"
"LÄrkÄna","PK"
"Christchurch","NZ"
"Stavropolâ€™","RU"
"Villahermosa","MX"
"Toyota","JP"
"Manukau City","NZ"
"Zhaoqing","CN"
"AtaÅŸehir","TR"
"BhÄgalpur","IN"
"Sheikhupura","PK"
"CarapicuÃ­ba","BR"
"Wuppertal","DE"
"Tamale","GH"
"Ulan-Ude","RU"
"Nagano-shi","JP"
"Bobo-Dioulasso","BF"
"Lublin","PL"
"Shinagawa-ku","JP"
"Halifax","CA"
"Anqing","CN"
"Taraz","KZ"
"Simferopolâ€™","UA"
"San Jose del Monte","PH"
"Manizales","CO"
"KwangmyÅng","KR"
"ZanjÄn","IR"
"Iwaki","JP"
"Bacoor","PH"
"Asahikawa","JP"
"Kimhae","KR"
"Arkhangelâ€™sk","RU"
"Berlin Pankow","DE"
"Ambon","ID"
"Samarinda","ID"
"Benito Juarez","MX"
"Bilbao","ES"
"MazatlÃ¡n","MX"
"Santiago del Estero","AR"
"Takatsuki","JP"
"ThessalonÃ­ki","GR"
"Miguel Hidalgo","MX"
"Neiva","CO"
"Okazaki","JP"
"Bandar â€˜AbbÄs","IR"
"Vinnytsya","UA"
"Apodaca","MX"
"Anshun","CN"
"Suita","JP"
"Ixtapaluca","MX"
"Wakayama-shi","JP"
"Hualian","TW"
"PunÄsa","IN"
"Muzaffarnagar","IN"
"Masan","KR"
"Nuevo Laredo","MX"
"Sanandaj","IR"
"LÄtÅ«r","IN"
"Campina Grande","BR"
"Etobicoke","CA"
"CamagÃ¼ey","CU"
"Bakersfield","US"
"London","CA"
"Chifeng","CN"
"HÅ­ngnam","KP"
"Astana","KZ"
"Belgorod","RU"
"Kosti","SD"
"Qitaihe","CN"
"Doha","QA"
"Turmero","VE"
"Tlahuac","MX"
"New Orleans","US"
"Cuernavaca","MX"
"Kurgan","RU"
"Bhimbar","PK"
"Vitsyebsk","BY"
"Soledad","CO"
"Shiqi","CN"
"Piracicaba","BR"
"Reisui","KR"
"ZÃ¼rich","CH"
"KÅ«katpalli","IN"
"Jhang Sadr","PK"
"Arusha","TZ"
"AmbattÅ«r","IN"
"KÅriyama","JP"
"Plovdiv","BG"
"Chitungwiza","ZW"
"Kashiwa","JP"
"Latakia","SY"
"Aksu","CN"
"Irapuato","MX"
"Tokorozawa","JP"
"Leicester","GB"
"Corrientes","AR"
"Kaluga","RU"
"MacapÃ¡","BR"
"West Raleigh","US"
"Nice","FR"
"KaesÅng","KP"
"Ciudad BolÃ­var","VE"
"Kawagoe","JP"
"Tungi","BD"
"Bellary","IN"
"Itaquaquecetuba","BR"
"Anaheim","US"
"Tampa","US"
"KÅchi-shi","JP"
"Bauru","BR"
"San JosÃ©","CR"
"Alicante","ES"
"Takamatsu-shi","JP"
"Tieling","CN"
"QazvÄ«n","IR"
"Muzaffarpur","IN"
"KÄmÄrhÄti","IN"
"Wad Medani","SD"
"Jincheng","CN"
"Montes Claros","BR"
"Bielefeld","DE"
"Bujumbura","BI"
"Khorramshahr","IR"
"Mathura","IN"
"KhorramÄbÄd","IR"
"Soyapango","SV"
"PatiÄla","IN"
"WÅnsan","KP"
"Berlin Mitte","DE"
"Pavlodar","KZ"
"CÃ³rdoba","ES"
"Chandrapur","IN"
"Canoas","BR"
"Canberra","AU"
"Sochi","RU"
"Châ€™Ångjin","KP"
"Yanji","CN"
"BhÄ«lwÄra","IN"
"TÃ©touan","MA"
"Akita-shi","JP"
"Mogi das Cruzes","BR"
"Toyama-shi","JP"
"Piura","PE"
"TrichÅ«r","IN"
"Aurora","US"
"Brahmapur","IN"
"Santa Ana","US"
"SÃ£o Vicente","BR"
"OrÃ«l","RU"
"Suizhou","CN"
"Al â€˜AmÄrah","IQ"
"Volzhskiy","RU"
"Villavicencio","CO"
"JundiaÃ­","BR"
"San Miguelito","PA"
"Smolensk","RU"
"Pelotas","BR"
"Kherson","UA"
"ShÄhjahÄnpur","IN"
"Akita","JP"
"Maroua","CM"
"MorÃ³n","AR"
"AnÃ¡polis","BR"
"Pachuca de Soto","MX"
"Shimoga","IN"
"Samarqand","UZ"
"Saint Louis","US"
"Murmansk","RU"
"Islington","GB"
"HolguÃ­n","CU"
"Ustâ€™-Kamenogorsk","KZ"
"Ad DÄ«wÄnÄ«yah","IQ"
"Shangrao","CN"
"Mataram","ID"
"Andijon","UZ"
"IaÅŸi","RO"
"Valladolid","ES"
"Poltava","UA"
"New Delhi","IN"
"Koshigaya","JP"
"Vladikavkaz","RU"
"Hrodna","BY"
"Katowice","PL"
"Rohtak","IN"
"Berlin Wilmersdorf","DE"
"Baicheng","CN"
"Chimbote","PE"
"Cluj-Napoca","RO"
"Calamba","PH"
"Bari","IT"
"Bauchi","NG"
"Armenia","CO"
"Al KÅ«t","IQ"
"TimiÅŸoara","RO"
"ÅžiÅŸli","TR"
"Soacha","CO"
"Ebute Ikorodu","NG"
"Coacalco","MX"
"Lianshan","CN"
"Denizli","TR"
"Bonn","DE"
"Catania","IT"
"Ostrava","CZ"
"Varna","BG"
"VitÃ³ria","BR"
"Wusong","CN"
"Iligan City","PH"
"Cusco","PE"
"Posadas","AR"
"Cherepovets","RU"
"MaringÃ¡","BR"
"Miyazaki-shi","JP"
"Percut","ID"
"Pucallpa","PE"
"Jingdezhen","CN"
"GuarujÃ¡","BR"
"Vladimir","RU"
"Antofagasta","CL"
"Botshabelo","ZA"
"Bengkulu","ID"
"Tampico","MX"
"Chita","RU"
"Coventry","GB"
"Valledupar","CO"
"General Escobedo","MX"
"Mannheim","DE"
"Chernihiv","UA"
"Irbid","JO"
"TumkÅ«r","IN"
"Chinju","KR"
"Henrico County","US"
"Tawau","MY"
"Dongying","CN"
"FÄ«rozÄbÄd","IN"
"Al FayyÅ«m","EG"
"Porto Velho","BR"
"Celaya","MX"
"San Salvador de Jujuy","AR"
"Pittsburgh","US"
"Brakpan","ZA"
"Mandaluyong City","PH"
"NizÄmÄbÄd","IN"
"Kulti","IN"
"Corpus Christi","US"
"Franca","BR"
"RÄjahmundry","IN"
"Craiova","RO"
"Riverside","US"
"ConstanÅ£a","RO"
"Saransk","RU"
"MazÄr-e SharÄ«f","AF"
"Ganja","AZ"
"Hull","GB"
"Cardiff","GB"
"Batman","TR"
"BarddhamÄn","IN"
"GujrÄt","PK"
"Naha-shi","JP"
"Brest","BY"
"MardÄn","PK"
"Surgut","RU"
"Batikent","TR"
"Juba","SS"
"MÃ©rida","VE"
"Yangshuo","CN"
"Qyzylorda","KZ"
"George Town","MY"
"Angeles City","PH"
"Bradford","GB"
"Santol","PH"
"Kasugai","JP"
"Jember","ID"
"Aomori-shi","JP"
"ÅŒtsu-shi","JP"
"BÄrÄsat","IN"
"ElazÄ±ÄŸ","TR"
"Okanagan","CA"
"Cherkasy","UA"
"Vigo","ES"
"Akashi","JP"
"BÄli","IN"
"Cincinnati","US"
"HisÄr","IN"
"RÄmpur","IN"
"Yokkaichi","JP"
"Lexington-Fayette","US"
"Morioka-shi","JP"
"Vologda","RU"
"ViÃ±a del Mar","CL"
"Sumy","UA"
"Fukushima-shi","JP"
"GalaÅ£i","RO"
"Blumenau","BR"
"Greater Noida","IN"
"Noida","IN"
"Foz do IguaÃ§u","BR"
"Al HufÅ«f","SA"
"KÄkinÄda","IN"
"PÄnÄ«pat","IN"
"Semey","KZ"
"Makurdi","NG"
"Ponta Grossa","BR"
"Minna","NG"
"BiaÅ‚ystok","PL"
"Anchorage","US"
"Stockton","US"
"Mbeya","TZ"
"Mueang Nonthaburi","TH"
"Kumi","KR"
"Tambov","RU"
"Al Mubarraz","SA"
"Bafoussam","CM"
"KasÅ«r","PK"
"Utrecht","NL"
"Berlin Steglitz Zehlendorf","DE"
"Xiuying","CN"
"Paulista","BR"
"Al á¸¨illah","IQ"
"Limeira","BR"
"Parbhani","IN"
"Victoria","CA"
"Beihai","CN"
"Huizhou","CN"
"Mandaue City","PH"
"Zeytinburnu","TR"
"Tsuen Wan","HK"
"Safi","MA"
"SinÅ­iju","KP"
"Huáº¿","VN"
"Toledo","US"
"Darbhanga","IN"
"Marienthal","DE"
"AdapazarÄ±","TR"
"Sultanbeyli","TR"
"Rangpur","BD"
"ViamÃ£o","BR"
"Az ZaqÄzÄ«q","EG"
"Saint Paul","US"
"Kuala Terengganu","MY"
"Ismailia","EG"
"Alto Barinas","VE"
"Karlsruhe","DE"
"Port Moresby","PG"
"Ichihara","JP"
"Iksan","KR"
"Nha Trang","VN"
"Suzano","BR"
"Alwar","IN"
"Cainta","PH"
"PÃ©tionville","HT"
"Maebashi-shi","JP"
"BilÄspur","IN"
"ValparaÃ­so","CL"
"Palu","ID"
"Kupang","ID"
"Zhytomyr","UA"
"ItagÃ¼Ã­","CO"
"Gebze","TR"
"Narsingdi","BD"
"Batna","DZ"
"Tepic","MX"
"Chuzhou","CN"
"Ichinomiya","JP"
"Tacna","PE"
"Effon Alaiye","NG"
"Kota Bharu","MY"
"Yoshkar-Ola","RU"
"Taganrog","RU"
"Santa Teresa","VE"
"Horlivka","UA"
"Windsor","CA"
"Ilesa","NG"
"Kostroma","RU"
"GijÃ³n","ES"
"KhomeynÄ« Shahr","IR"
"Sfax","TN"
"Nantes","FR"
"Newark","US"
"Cuenca","EC"
"Owo","NG"
"BahÃ­a Blanca","AR"
"Sukabumi","ID"
"BraÅŸov","RO"
"Komsomolâ€™sk-na-Amure","RU"
"Hakodate","JP"
"Bab Ezzouar","DZ"
"Mokolo","CM"
"Caucaia","BR"
"Strasbourg","FR"
"Belfast","GB"
"Kashi","CN"
"Ar RamÄdÄ«","IQ"
"Ichalkaranji","IN"
"Ibaraki","JP"
"Yao","JP"
"HerÄt","AF"
"GuantÃ¡namo","CU"
"Nalâ€™chik","RU"
"Baguio","PH"
"PetrÃ³polis","BR"
"Ar RayyÄn","QA"
"Wiesbaden","DE"
"MonterÃ­a","CO"
"KÄshÄn","IR"
"Kakogawa","JP"
"Tasikmalaya","ID"
"Bijapur","IN"
"Venice","IT"
"Linyi","CN"
"San Pedro","PH"
"MÃ¼nster","DE"
"Gelsenkirchen","DE"
"Ciudad Victoria","MX"
"Greensboro","US"
"Moppo","KR"
"Russeifa","JO"
"Windhoek","NA"
"Tshikapa","CD"
"Kafr ad DawwÄr","EG"
"Tokushima-shi","JP"
"Haifa","IL"
"Sterlitamak","RU"
"Hayil","SA"
"Yingcheng","CN"
"Wuzhou","CN"
"Hulan Ergi","CN"
"Ä€Ä«zawl","IN"
"Aachen","DE"
"SumqayÄ±t","AZ"
"Mantampay","PH"
"Petrozavodsk","RU"
"Umuahia","NG"
"Mianyang","CN"
"Sivas","TR"
"Oaxaca de JuÃ¡rez","MX"
"Witbank","ZA"
"Eixample","ES"
"AqtÃ¶be","KZ"
"ParanÃ¡","AR"
"JÄlna","IN"
"Lal Bahadur Nagar","IN"
"MÃ¶nchengladbach","DE"
"Markham","CA"
"MalmÃ¶","SE"
"Buffalo","US"
"DewÄs","IN"
"Sincelejo","CO"
"Tongliao","CN"
"Wollongong","AU"
"Uberaba","BR"
"Stoke-on-Trent","GB"
"Baranagar","IN"
"Aral","CN"
"Nakuru","KE"
"Plano","US"
"Cáº§n ThÆ¡","VN"
"Augsburg","DE"
"Hiratsuka","JP"
"Gajuwaka","IN"
"Jiujiang","CN"
"Jining","CN"
"PopayÃ¡n","CO"
"NajrÄn","SA"
"Lincoln","US"
"Ciudad ObregÃ³n","MX"
"Al MukallÄ","YE"
"Pekalongan","ID"
"CumanÃ¡","VE"
"Satna","IN"
"Henderson","US"
"Rio Branco","BR"
"EtÄwah","IN"
"Cascavel","BR"
"L'Hospitalet de Llobregat","ES"
"Ondo","NG"
"Chimoio","MZ"
"Bratsk","RU"
"Ensenada","MX"
"Dzerzhinsk","RU"
"Tarsus","TR"
"Damaturu","NG"
"Shari-i-Tajan","IR"
"Durg","IN"
"Ljubljana","SI"
"Rivne","UA"
"Turpan","CN"
"Ikot-Ekpene","NG"
"Heze","CN"
"Yamagata-shi","JP"
"Santa Catarina","MX"
"Cirebon","ID"
"Logan City","AU"
"Novo Hamburgo","BR"
"Coxâ€™s BÄzÄr","BD"
"Gdynia","PL"
"Fort Wayne","US"
"NaihÄti","IN"
"Verona","IT"
"VitÃ³ria da Conquista","BR"
"Laohekou","CN"
"Talcahuano","CL"
"Richards Bay","ZA"
"Wolverhampton","GB"
"El Fasher","SD"
"ThiÃ¨s Nones","SN"
"DirÄ“ Dawa","ET"
"Floridablanca","CO"
"Suihua","CN"
"Messina","IT"
"Barueri","BR"
"BorÅ«jerd","IR"
"EimsbÃ¼ttel","DE"
"Qarchak","IR"
"TaubatÃ©","BR"
"Nanyang","CN"
"San Fernando","PH"
"Los Reyes","MX"
"Morogoro","TZ"
"Governador Valadares","BR"
"Tirupati","IN"
"Banda Aceh","ID"
"Wafangdian","CN"
"SonÄ«pat","IN"
"Santa Clara","CU"
"Iwo","NG"
"Libertad","PH"
"Gombe","NG"
"Altona","DE"
"Ä€vadi","IN"
"Praia Grande","BR"
"Tel Aviv","IL"
"NiÅ¡","RS"
"Colonia del Valle","MX"
"San Bernardo","CL"
"VÃ¡rzea Grande","BR"
"Porto","PT"
"Volta Redonda","BR"
"Kirovohrad","UA"
"Santa Maria","BR"
"Fukui-shi","JP"
"Dniprodzerzhynsâ€™k","UA"
"Montpellier","FR"
"Jimeta","NG"
"CzÄ™stochowa","PL"
"Oshawa","CA"
"Palmira","CO"
"Buxoro","UZ"
"Jersey City","US"
"SÄgar","IN"
"Plymouth","GB"
"Udon Thani","TH"
"Chemnitz","DE"
"Ica","PE"
"Orsk","RU"
"Vanderbijlpark","ZA"
"Nottingham","GB"
"San CristÃ³bal","VE"
"Mito-shi","JP"
"Rizhao","CN"
"Southampton","GB"
"A CoruÃ±a","ES"
"Mau","IN"
"Shimonoseki","JP"
"Juliaca","PE"
"NicolÃ¡s Romero","MX"
"Jiâ€™an","CN"
"GorgÄn","IR"
"Nizhnevartovsk","RU"
"Saint Petersburg","US"
"Braunschweig","DE"
"Hebi","CN"
"Bago","MM"
"BihÄr SharÄ«f","IN"
"Baruta","VE"
"Trabzon","TR"
"Reading","GB"
"Jessore","BD"
"Manisa","TR"
"Chula Vista","US"
"Louisville","US"
"Santa Luzia","BR"
"Kunsan","KR"
"WÅnju","KR"
"Angarsk","RU"
"HÄpur","IN"
"Norfolk","US"
"Bhatinda","IN"
"Dayr az Zawr","SY"
"Berbera","SO"
"Gatineau","CA"
"Yibin","CN"
"NeuquÃ©n","AR"
"Novorossiysk","RU"
"Berlin Reinickendorf","DE"
"TehuacÃ¡n","MX"
"Lapu-Lapu City","PH"
"AswÄn","EG"
"FarrukhÄbÄd","IN"
"Sancaktepe","TR"
"Takasaki","JP"
"Anantapur","IN"
"Buenaventura","CO"
"FuchÅ«","JP"
"Fuji","JP"
"Halle Neustadt","DE"
"Xiantao","CN"
"Hachinohe","JP"
"Vaughan","CA"
"GravataÃ­","BR"
"Neyagawa","JP"
"Orlando","US"
"Kurume","JP"
"BalÄ±kesir","TR"
"Temuco","CL"
"Krefeld","DE"
"As SÄ«b al JadÄ«dah","OM"
"Ã…rhus","DK"
"Sasebo","JP"
"Batangas","PH"
"Uruapan del Progreso","MX"
"Al Jubayl","SA"
"Pathein","MM"
"Tegal","ID"
"Sylhet","BD"
"RatlÄm","IN"
"KoÅ¡ice","SK"
"Chernivtsi","UA"
"Chandler","US"
"Dera GhÄzi KhÄn","PK"
"Laredo","US"
"Yuci","CN"
"Montgomery","PK"
"Ternopilâ€™","UA"
"Gasteiz / Vitoria","ES"
"Yakutsk","RU"
"Caruaru","BR"
"QinÄ","EG"
"Boa Vista","BR"
"Kediri","ID"
"Derby","GB"
"Georgetown","GY"
"Kismaayo","SO"
"Ibb","YE"
"TÃ¼rkmenabat","TM"
"Granada","ES"
"Nizhnekamsk","RU"
"Disney","BR"
"Porto-Novo","BJ"
"Halle (Saale)","DE"
"Centurion","ZA"
"Tagum","PH"
"Madison","US"
"Takoradi","GH"
"Kiel","DE"
"Linfen","CN"
"Bordeaux","FR"
"GangÄnagar","IN"
"Chigasaki","JP"
"Gent","BE"
"Taytay","PH"
"SÅka","JP"
"NgaoundÃ©rÃ©","CM"
"Sunchun","KR"
"Coatzacoalcos","MX"
"Syktyvkar","RU"
"Elche","ES"
"Nukus","UZ"
"á¸¨alwÄn","EG"
"Magdeburg","DE"
"Winston-Salem","US"
"Lubbock","US"
"Espoo","FI"
"NawÄbshÄh","PK"
"Baton Rouge","US"
"Tripoli","LB"
"Bharatpur","IN"
"Longueuil","CA"
"Atsugi","JP"
"Croix des Bouquets","HT"
"Magdalena Contreras","MX"
"Uitenhage","ZA"
"PloieÅŸti","RO"
"Sungai Petani","MY"
"Binjai","ID"
"Lucena","PH"
"Ipatinga","BR"
"KarÄ«mnagar","IN"
"GÃ³mez Palacio","MX"
"Ráº¡ch GiÃ¡","VN"
"Durham","US"
"Lille","FR"
"Miri","MY"
"SumarÃ©","BR"
"DamanhÅ«r","EG"
"Nassau","BS"
"San Lorenzo","PY"
"Iquique","CL"
"Kremenchuk","UA"
"Puducherry","IN"
"MingÄora","PK"
"Sosnowiec","PL"
"Al MinyÄ","EG"
"Staryy Oskol","RU"
"Liaocheng","CN"
"Garland","US"
"Gusau","NG"
"Neue Neustadt","DE"
"Radom","PL"
"Glendale","US"
"ShrÄ«rÄmpur","IN"
"Ranghulu","CN"
"SabzevÄr","IR"
"`AjmÄn","AE"
"Huambo","AO"
"Groznyy","RU"
"RÄichÅ«r","IN"
"Huanggang","CN"
"Quthbullapur","IN"
"Mubi","NG"
"Bukavu","CD"
"Lexington","US"
"Juazeiro do Norte","BR"
"Reno","US"
"Mymensingh","BD"
"KarnÄl","IN"
"Roodepoort","ZA"
"Tanga","TZ"
"Jingling","CN"
"Sucre","BO"
"Cidade de Nacala","MZ"
"Hialeah","US"
"Ashdod","IL"
"Minami-rinkan","JP"
"Oviedo","ES"
"Berlin Spandau","DE"
"Paramaribo","SR"
"AdÄ±yaman","TR"
"Ara","IN"
"OkÄra","PK"
"NÄrÄyanganj","BD"
"Tongchuan","CN"
"ImphÄl","IN"
"NajafÄbÄd","IR"
"Paradise","US"
"Qarshi","UZ"
"Xintai","CN"
"Santa Cruz de Tenerife","ES"
"Haeju","KP"
"Graz","AT"
"Chesapeake","US"
"Ikire","NG"
"Embu","BR"
"Formosa","AR"
"Shakhty","RU"
"Blagoveshchensk","RU"
"Banja Luka","BA"
"Sant MartÃ­","ES"
"NeyshÄbÅ«r","IR"
"Wuxue","CN"
"Babruysk","BY"
"Rishon Leáº”iyyon","IL"
"Cabanatuan","PH"
"MirzÄpur","IN"
"Olongapo","PH"
"Takarazuka","JP"
"Kharagpur","IN"
"DhanbÄd","IN"
"ThanjÄvÅ«r","IN"
"Badalona","ES"
"Ageo","JP"
"Binangonan","PH"
"Oberhausen","DE"
"Chon Buri","TH"
"Prokopâ€™yevsk","RU"
"Eldoret","KE"
"Wuhai","CN"
"Bertoua","CM"
"Imperatriz","BR"
"San Pedro de MacorÃ­s","DO"
"AmarnÄth","IN"
"Taiping","MY"
"Scottsdale","US"
"Alor Setar","MY"
"Purwokerto","ID"
"Colombo","BR"
"North Las Vegas","US"
"Jamaica","US"
"Rybinsk","RU"
"Santa Rosa","PH"
"Kisumu","KE"
"Irving","US"
"Imus","PH"
"Freiburg","DE"
"Galkissa","LK"
"Purwakarta","ID"
"Zelenograd","RU"
"MÄ«rpur KhÄs","PK"
"Daloa","CI"
"Mekâ€™elÄ“","ET"
"Biysk","RU"
"ConcepciÃ³n","CL"
"Novi Sad","RS"
"Jinzhou","CN"
"Mucumpiz","VE"
"Velikiy Novgorod","RU"
"Owerri","NG"
"Los Mochis","MX"
"Shagamu","NG"
"TaboÃ£o da Serra","BR"
"Fremont","US"
"NazrÄ“t","ET"
"NÄgercoil","IN"
"Lutsâ€™k","UA"
"Bergen","NO"
"BrÄƒila","RO"
"NazÌ§arÄbÄd","IR"
"Guangyuan","CN"
"BÅ«kÄn","IR"
"JacareÃ­","BR"
"ChÅfu","JP"
"Loa Janan","ID"
"Rancagua","CL"
"Irvine","US"
"Bukit Mertajam","MY"
"Lipa","PH"
"Birmingham","US"
"MarÃ­lia","BR"
"LÃ¼beck","DE"
"Cartagena","ES"
"Esenyurt","TR"
"Trieste","IT"
"KÄ±rÄ±kkale","TR"
"Hailar","CN"
"Terrassa","ES"
"AbhÄ","SA"
"Tarhuna","LY"
"Matsumoto","JP"
"Rochester","US"
"Daliang","CN"
"Quy NhÆ¡n","VN"
"PÄli","IN"
"Qostanay","KZ"
"Bogra","BD"
"San Bernardino","US"
"Chuncheon","KR"
"VÅ©ng TÃ u","VN"
"Eindhoven","NL"
"Pematangsiantar","ID"
"Kanggye-si","KP"
"Presidente Prudente","BR"
"Sanming","CN"
"SÅ«hÄj","EG"
"Rennes","FR"
"SÃ£o Leopoldo","BR"
"Ijebu-Ode","NG"
"YamunÄnagar","IN"
"Spokane","US"
"Nakhon Ratchasima","TH"
"ToruÅ„","PL"
"Oruro","BO"
"Kielce","PL"
"Rewa","IN"
"Gilbert","US"
"La Romana","DO"
"Gaborone","BW"
"Hangu","CN"
"Waitakere","NZ"
"Lobito","AO"
"North Shore","NZ"
"Ciputat","ID"
"SÄ«rjÄn","IR"
"Arlington","US"
"San Pablo","PH"
"Jerez de la Frontera","ES"
"North Shore","AU"
"Ciampea","ID"
"Kasukabe","JP"
"Sumedang Utara","ID"
"Oradea","RO"
"Annaba","DZ"
"Sabadell","ES"
"MÃ³stoles","ES"
"Toamasina","MG"
"DinÄjpur","BD"
"Al Bayá¸‘Äâ€™","LY"
"Montgomery","US"
"Itabuna","BR"
"Kishiwada","JP"
"Campeche","MX"
"Suzhou","CN"
"SÃ£o Carlos","BR"
"Padova","IT"
"AlcalÃ¡ de Henares","ES"
"Gaoping","CN"
"Numazu","JP"
"Richmond","US"
"Ivano-Frankivsâ€™k","UA"
"Secunderabad","IN"
"JÅetsu","JP"
"Debrecen","HU"
"BÄ«dar","IN"
"Las Tunas","CU"
"HortolÃ¢ndia","BR"
"BayamÃ³n","PR"
"Daqing","CN"
"Des Moines","US"
"Agartala","IN"
"Erfurt","DE"
"North Glendale","US"
"Munger","IN"
"EdÃ©a","CM"
"Odawara","JP"
"Achiaman","GH"
"Osmaniye","TR"
"Djougou","BJ"
"Burnaby","CA"
"BÄbol","IR"
"BurhÄnpur","IN"
"Tampere","FI"
"Yiyang","CN"
"Ã‡orlu","TR"
"Harburg","DE"
"Linxia","CN"
"BarisÄl","BD"
"Cileungsi","ID"
"NadiÄd","IN"
"Taranto","IT"
